participant,date,n_fixes,coverage_h,total_distance_km_raw,total_distance_km_filtered,mean_speed_kmh_weighted,time_at_home_h,radius_of_gyration_m,screen_on_h,n_screen_sessions,n_power_events,n_powerdowns,session_max_s,session_min_s,session_mean_s,session_std_s,nocturnal_screen_ons,reported_home_h
3si9xdvl,2022-03-20,2.0,0.0025,0.0,0.0,0.0,0.0025,0.0,,,,,,,,,,
3si9xdvl,2022-03-21,1776.0,1.8783763888888891,30.024174365687564,11.124553691675588,5.92243054026891,0.8109080555555555,2076.667219035348,1.1252730555555555,58.0,125.0,0.0,539.706,0.476,69.84453448275862,115.78228676318683,0.0,10.0
3si9xdvl,2022-03-22,2330.0,2.1778230555555553,15.270649669596398,4.832887502724547,2.2191368992976765,1.8708291666666668,862.236844987255,3.364208611111111,71.0,148.0,0.0,2439.322,1.148,170.57959154929577,394.07943593343776,4.0,
3si9xdvl,2022-03-23,379.0,0.37797444444444445,0.48582695979776863,0.46365059779388024,1.2266718150095164,0.37797444444444445,7.8901128202507556,0.0,0.0,1.0,0.0,,,,,0.0,21.0
3si9xdvl,2022-03-24,2804.0,2.978280277777778,11.748116492212032,2.565682679084902,0.8614644827851015,2.188629166666667,2735.48558226831,4.076318055555555,101.0,205.0,0.0,3328.681,0.496,145.29450495049505,431.70994814793477,0.0,
3si9xdvl,2022-03-25,1692.0,1.8813272222222224,12.88894105959883,2.9902630710498457,1.5894433651567266,1.7126344444444443,1797.3498178423986,1.0200358333333333,39.0,78.0,0.0,1273.09,1.105,94.15715384615385,230.6893606224543,8.0,18.0
3si9xdvl,2022-03-26,5024.0,3.965088888888889,43.96100918422329,13.457891661229684,3.3940958294634607,2.1471055555555556,2731.9255701018674,2.378664444444445,126.0,254.0,0.0,2873.358,0.503,67.96184126984127,279.95280997355,23.0,
3si9xdvl,2022-03-27,1514.0,1.5217619444444443,17.492531202677753,6.0141399603622085,3.9520898668272415,1.3568261111111113,832.4122672145475,0.5794727777777777,42.0,88.0,0.0,1049.934,0.521,49.66909523809524,168.8949012327777,27.0,
bn4j8yj9,2022-03-21,1141.0,0.930935,9.341136873223993,2.0169302005883076,2.1665639390379647,0.8373033333333332,1032.1800570658177,0.2582219444444444,25.0,51.0,0.0,124.018,1.274,37.18396,35.13780498679449,0.0,21.0
bn4j8yj9,2022-03-22,5459.0,4.219504722222222,17.311775828462974,5.282776659411862,1.2519897493158065,4.022606944444444,929.5816628988097,1.8404269444444445,57.0,116.0,0.0,1754.347,2.463,116.23749122807018,282.68140334098,0.0,21.0
bn4j8yj9,2022-03-23,4301.0,4.381990277777778,21.116755911264427,6.723295535855501,1.5343017920306887,4.222792777777777,1026.9760920990336,2.5780597222222226,62.0,128.0,0.0,1835.62,2.07,149.69379032258067,320.8716607619558,0.0,
bn4j8yj9,2022-03-24,5074.0,5.752415,32.148726476902404,10.046819289746171,1.7465393734190198,5.406063611111111,1120.0467194078099,2.481391111111111,45.0,97.0,0.0,1501.022,2.9050000000000002,198.51128888888888,331.56258252920725,0.0,
bn4j8yj9,2022-03-25,2568.0,2.010842777777778,13.353604440557277,3.21230119292325,1.5974899820229742,1.7665258333333334,1130.6932425921516,3.2591894444444454,95.0,196.0,0.0,2038.966,0.313,123.50612631578952,261.4854660278318,0.0,
bn4j8yj9,2022-03-26,1986.0,2.4665925,4.945571119383295,2.9787918993066205,1.2076546487944888,1.7328719444444445,422.99224315766713,0.7323277777777778,32.0,65.0,0.0,739.558,2.349,82.386875,144.08510896168278,0.0,20.0
bn4j8yj9,2022-03-27,6698.0,6.206841666666666,17.259519943232466,6.413787593258475,1.03334158299916,5.904685833333333,394.36151523610266,1.5115469444444447,36.0,83.0,0.0,2063.668,3.218,151.1546944444445,360.3910253791266,0.0,
bn4j8yj9,2022-03-28,3107.0,3.100285,5.563948759270488,2.929782072119603,0.9450041115960639,3.0215447222222225,200.43088573046086,1.1522180555555555,33.0,71.0,0.0,897.459,2.89,125.69651515151514,193.30631315513875,0.0,21.0
gq36edfi,2022-03-21,,,,,,,,0.0,0.0,1.0,0.0,,,,,0.0,
gq36edfi,2022-03-22,1683.0,3.862496111111111,13.99142737311033,5.689136768859977,1.4729171512934938,2.1958844444444443,1064.8795517510998,0.3813030555555556,18.0,38.0,0.0,647.046,1.9769999999999999,76.26061111111113,153.766177902049,0.0,21.0
gq36edfi,2022-03-23,2376.0,2.4233975,19.2715172951318,5.987808026120013,2.4708319729305708,1.166323611111111,1431.9584647491406,0.22445916666666665,13.0,31.0,0.0,284.652,2.19,62.157923076923076,92.1671665322143,0.0,
gq36edfi,2022-03-24,1606.0,4.564015833333334,6.099824761006878,1.8024842329819635,0.39493382556158163,3.6458547222222224,731.3673018701705,0.3461836111111111,16.0,37.0,0.0,450.966,3.086,77.8913125,126.39206707000707,0.0,16.0
gq36edfi,2022-03-25,2276.0,5.24773638888889,13.050508343117007,4.474091894958261,0.8525755799074287,3.9709958333333333,970.6059958545346,0.6840911111111111,16.0,34.0,0.0,1901.325,4.062,153.9205,469.0911008684773,0.0,16.0
gq36edfi,2022-03-26,2877.0,6.318364166666666,9.174136862398333,3.4757404012034065,0.5501013093768982,5.277446111111111,421.16675393883423,1.0240063888888888,8.0,19.0,0.0,1046.504,58.226,460.802875,337.9565071575409,0.0,18.0
gq36edfi,2022-03-27,2584.0,4.4932147222222225,48.183829567033335,8.304710647059238,1.8482781617327102,3.6975286111111108,6409.378081931515,1.539133611111111,28.0,59.0,0.0,1631.48,7.61,197.88860714285713,375.17632172287557,0.0,20.0
gq36edfi,2022-03-28,1626.0,2.6056316666666666,14.96875234449255,2.3542967397965096,0.9035416516902848,2.3635288888888883,1832.9171248394296,1.4832719444444442,30.0,62.0,0.0,801.675,2.354,177.99263333333332,228.98641690426535,0.0,19.0
ubrmuu2r,2022-03-21,7296.0,3.988305,34.0846164997638,17.66764903047809,4.4298640727020855,1.547124722222222,833.5679365853408,4.508618333333334,94.0,191.0,1.0,3418.881,1.794,172.67048936170215,441.45600077662715,0.0,16.0
ubrmuu2r,2022-03-22,11360.0,5.032280555555555,46.71144912474308,27.89678706361875,5.5435675248314915,2.330865833333333,1042.4210016987495,2.8007075,142.0,284.0,0.0,1348.121,0.962,71.00385211267606,156.24512257106613,9.0,14.0
ubrmuu2r,2022-03-23,8957.0,4.579798611111111,51.69486881691258,27.13105360640875,5.924071320644042,1.4752783333333332,1069.173617843095,2.4871930555555553,124.0,248.0,0.0,969.478,1.653,72.20883064516129,171.44897589509,4.0,14.0
ubrmuu2r,2022-03-24,8901.0,5.367406111111111,38.28035529604979,23.283312561825486,4.337907749075762,2.090577222222222,781.9510196334656,3.427615277777778,137.0,274.0,0.0,917.06,0.875,90.06872262773723,190.46638092177108,8.0,12.0
ubrmuu2r,2022-03-25,8178.0,5.058581666666667,36.17523588746831,22.73779282933007,4.494894879163441,1.2731063888888887,1047.745975161603,3.996698611111111,152.0,304.0,0.0,3250.841,1.561,94.65865131578947,317.87189366658737,9.0,12.0
ubrmuu2r,2022-03-26,13066.0,4.250091111111111,61.98500783042549,24.399360069424578,5.74090282573867,3.0992308333333334,1861.584237252766,3.1952994444444447,101.0,204.0,1.0,1040.039,1.741,113.89186138613863,199.22379053100207,0.0,10.0
ubrmuu2r,2022-03-27,12882.0,4.186769722222222,34.38026732489608,24.58129279505531,5.8711833766697445,4.106258333333333,37.314048430743554,3.9434922222222224,60.0,120.0,0.0,2718.732,1.597,236.60953333333333,458.3419357474218,1.0,17.0
ubrmuu2r,2022-03-28,7455.0,3.701446111111111,33.115159198964925,18.383507659041793,4.966574443393254,1.731046111111111,815.3524771659278,4.441838055555555,112.0,225.0,0.0,3585.392,1.569,142.77336607142857,387.6437575257528,5.0,22.0
xwyd72l9,2022-03-20,76641.0,0.28597361111111114,163.77142588164907,0.15975185671874667,0.5586244692230615,0.32094500000000004,1.2961980541207379,0.2254769444444445,11.0,22.0,0.0,333.675,3.437,73.79245454545456,107.95108495921997,0.0,
xwyd72l9,2022-03-21,179530.0,2.1178902777777777,1938.6623655858011,6.861673042452638,3.239862383075073,1.3991227777777777,147.69237942104422,2.4031438888888887,96.0,193.0,0.0,1550.717,1.6909999999999998,90.11789583333332,187.8275066914478,0.0,18.0
xwyd72l9,2022-03-22,246819.0,2.090123333333333,173.0899870672314,15.30517258144242,7.322616965877176,1.7947702777777779,93.20918764735853,2.687269722222222,106.0,213.0,0.0,765.918,0.915,91.2657641509434,156.94223848298012,1.0,16.0
xwyd72l9,2022-03-23,127352.0,2.1947083333333333,1926.4057257524817,7.178949506175568,3.2710266768214007,1.2274916666666664,168.89735790014666,1.7253997222222222,81.0,163.0,0.0,423.773,2.195,76.68443209876543,95.43235430934027,0.0,19.0
xwyd72l9,2022-03-24,63032.0,2.0601013888888886,109.23943852519858,4.337393846333906,2.1054273686370695,2.085367222222222,3.4234361895221332,2.3476597222222217,92.0,185.0,0.0,702.101,1.451,91.8649456521739,111.45149533803898,0.0,14.0
xwyd72l9,2022-03-25,7420.0,2.293756388888889,15.54185906492779,8.509804097917023,3.7099860033694467,1.2040075,506.6056061301376,3.064241111111111,131.0,262.0,0.0,1080.835,1.189,84.20815267175573,130.9004741051221,1.0,24.0
xwyd72l9,2022-03-26,6857.0,2.195156388888889,203.4578989270125,26.17569745698127,11.924297325454106,1.5567477777777776,29398.873305418267,3.3069575,143.0,286.0,0.0,2135.201,1.208,83.25207692307693,224.3922005900897,3.0,
xwyd72l9,2022-03-27,6649.0,2.263556388888889,132.37689235868316,13.211953401812,5.836812136276113,1.9223286111111113,4373.865579783995,4.458766388888889,108.0,216.0,0.0,1563.921,1.9489999999999998,148.62554629629628,270.2356682815525,0.0,16.0
xwyd72l9,2022-03-28,5992.0,1.9921197222222222,12.878470373132048,8.080533328813313,4.056248848236605,1.0732497222222221,503.8000561596672,2.027670833333334,105.0,210.0,0.0,838.709,1.599,69.52014285714287,128.447207818668,1.0,21.0
zg5uqa5l,2022-03-21,1512.0,1.3268988888888886,1.432223626658595,1.2897970210290224,0.9720386623498233,1.327166111111111,6.401348305965498,0.5408591666666667,3.0,7.0,0.0,1077.437,9.204,649.031,564.6278110428143,0.0,
zg5uqa5l,2022-03-22,7675.0,6.291677222222222,18.62800236509394,7.266067991294236,1.1548697961857393,6.227630277777777,792.4111397423782,2.219762222222222,20.0,43.0,0.0,1975.001,4.361,399.5572,484.4344306562253,4.0,23.0
zg5uqa5l,2022-03-23,7017.0,5.481335277777778,8.493695298606974,6.586223733657498,1.2015728649840336,5.45471361111111,77.46382465181185,2.7486466666666662,21.0,44.0,0.0,2637.776,3.414,471.19657142857136,706.5619507477438,1.0,23.0
zg5uqa5l,2022-03-24,5025.0,3.1012902777777778,23.628403823013823,5.956934999518926,1.9207924657047433,3.0215463888888885,852.652059497184,0.9300975,12.0,26.0,0.0,948.148,9.209,279.02925,367.0719926383342,1.0,23.0
zg5uqa5l,2022-03-25,6347.0,4.897583055555556,26.408903360271214,6.432720841293826,1.3134480351480498,4.782988888888889,960.6670661005656,2.0336708333333333,20.0,41.0,0.0,1781.555,4.084,366.06075,448.59405981763854,4.0,
zg5uqa5l,2022-03-26,5481.0,3.4819905555555555,7.4314644064824185,4.990061681740351,1.433106035792846,3.4822683333333337,11.953456629596989,2.157976666666667,11.0,30.0,0.0,3417.319,5.409,706.2469090909091,983.7442773796913,1.0,23.0
zg5uqa5l,2022-03-27,5715.0,3.977296388888889,12.012806896559752,5.720740659537713,1.4383490945053452,3.925548055555556,46.464938209957914,4.352958055555556,24.0,51.0,0.0,3306.833,4.498,652.9437083333333,945.6182463590538,2.0,
zg5uqa5l,2022-03-28,6188.0,5.506146388888889,20.435446622251423,5.402393035172887,0.9811568116086832,5.450960555555556,482.4355330808675,2.6128883333333333,17.0,37.0,0.0,2769.118,2.2,553.3175294117647,724.0732218837676,4.0,21.0
