participant,sigma_m,seed,time_at_home_h,time_at_home_h_ratio,radius_of_gyration_m,radius_of_gyration_m_ratio,total_distance_km,total_distance_km_ratio,mean_speed_kmh,mean_speed_kmh_ratio,location_entropy,location_entropy_ratio,n_significant_places,n_significant_places_ratio,home_displacement_m
3si9xdvl,0.0,0,1.3084258680555556,1.0,1380.495926783747,1.0,5.181133645490082,1.0,2.3956665998510793,1.0,1.8178690255971601,1.0,31.0,1.0,0.0
3si9xdvl,10.0,0,1.3084257291666668,0.9999998938503952,1382.342538045322,1.001337643397382,32.10910017382789,6.197311702580238,15.562677301830657,6.496178267375799,1.7792694820684236,0.97876659815134,30.0,0.967741935483871,0.27645854541871884
3si9xdvl,10.0,1,1.3084080555555555,0.999986386313176,1383.4978553869246,1.0021745291274935,32.366861534769996,6.247061695261178,16.404214161196723,6.847452881054672,1.784526019909957,0.9816581914220965,30.0,0.967741935483871,0.11079998853859067
3si9xdvl,10.0,2,1.308459826388889,1.0000259535783893,1383.9008523261455,1.0024664509878933,32.509901331883526,6.274669513723463,16.698343868326745,6.9702286075052164,1.7665561331866524,0.9717730531254023,28.0,0.9032258064516129,0.037318260396406816
3si9xdvl,10.0,3,1.3084081944444443,0.9999864924627808,1383.0580394745893,1.0018559364364163,32.25776796336813,6.226005768341241,16.112471817844067,6.725673688837027,1.8261879762918594,1.0045762101546158,34.0,1.096774193548387,0.08829754800871961
3si9xdvl,10.0,4,1.308460486111111,1.0000264577890126,1382.6540234981994,1.0015632764085587,32.06641446715229,6.189073021705299,15.714186333809913,6.559421221127659,1.7991265441376696,0.989689861483099,30.0,0.967741935483871,0.1342361372238912
3si9xdvl,25.0,0,1.3073454513888887,0.999174262223757,1387.144693332827,1.004816215984476,45.17298258143486,8.718744906485028,24.216917116794,10.108634113903573,1.6867737904245763,0.9278852143214664,28.0,0.9032258064516129,0.33151384863625627
3si9xdvl,25.0,1,1.3073755208333333,0.9991972436132104,1389.558750637159,1.0065649044503349,45.001222473275156,8.685593839573405,26.087448669861807,10.889432056816032,1.6726407230204736,0.920110689751711,26.0,0.8387096774193549,0.47335481407323377
3si9xdvl,25.0,2,1.294565486111111,0.9894068267199254,1389.4120604963832,1.0064586454328834,45.08891270339488,8.702518751401545,26.162988458262852,10.920963902025937,1.8409540458872309,1.0126989458343885,29.0,0.9354838709677419,0.9457627605994546
3si9xdvl,25.0,3,1.3075767013888888,0.999351001315857,1387.84738631737,1.0053252308760883,45.44108744688941,8.770491277800488,24.973136525902582,10.424295487299851,1.747465102412894,0.9612711795003279,29.0,0.9354838709677419,0.7107052865512713
3si9xdvl,25.0,4,1.3072392708333334,0.9990931108508382,1387.1522000837087,1.0048216537048895,45.3657906877308,8.755958404435187,24.330276039158854,10.155952435397849,1.847376169843932,1.0162317217749386,29.0,0.9354838709677419,0.5004369183457276
3si9xdvl,50.0,0,1.1312964583333334,0.8646240386660551,1391.7270958058493,1.0081356046071561,43.74332347121194,8.442809327894546,24.901651351075458,10.394456120323007,1.6945917147746212,0.9321858125713743,24.0,0.7741935483870968,0.32386772189607077
3si9xdvl,50.0,1,1.0934940625,0.8357325311253861,1398.9069148975932,1.013336503032457,43.86163983866622,8.465645327803037,31.291684428317772,13.061785989028248,1.719262619562115,0.9457571449611705,25.0,0.8064516129032258,0.9284487286597037
3si9xdvl,50.0,2,1.134334652777778,0.8669460612724712,1400.308067390877,1.0143514661816408,44.06029293254966,8.503986954843743,31.762763849709273,13.258424127833033,1.6365602458878046,0.9002630128153504,25.0,0.8064516129032258,0.572366669777001
3si9xdvl,50.0,3,1.1498838541666667,0.8788299606728983,1392.0687378136522,1.0083830823440871,43.75759580775977,8.445564002358552,25.9527017358468,10.833185943928962,1.6886992808069432,0.9289444162525485,24.0,0.7741935483870968,1.0457195874866567
3si9xdvl,50.0,4,1.141869236111111,0.8727045711867776,1396.0626935943187,1.0112762135030986,44.05865665109425,8.50367113950923,28.600397829127555,11.938388184276322,1.6942684193594975,0.9320079694976592,23.0,0.7419354838709677,0.626641297507277
3si9xdvl,100.0,0,0.5896579513888889,0.45066210152599345,1411.4293214702707,1.02240745089237,57.029054282827246,11.007061038170322,39.99096625365169,16.693043287466473,1.607964617215884,0.8845327108688021,19.0,0.6129032258064516,1.3262343534737857
3si9xdvl,100.0,1,0.5060260416666666,0.3867441434940973,1406.2348122278709,1.0186446659818038,57.30347798110133,11.060026994474685,36.13370738494862,15.082944925305878,1.5339146577004665,0.8437982253405654,20.0,0.6451612903225806,6.02361852311084
3si9xdvl,100.0,2,0.5033892708333333,0.3847289197831416,1413.2058968496626,1.023694361882054,56.72340934576031,10.948069134471218,40.20499466879354,16.782383104265335,1.6265329567868538,0.8947470548669184,22.0,0.7096774193548387,3.7952233473572967
3si9xdvl,100.0,3,0.5975944791666667,0.4567278083967788,1409.9964592533213,1.0213695179371547,56.80715378013761,10.964232476339498,37.411410390371124,15.616284166042433,1.4587499626673537,0.8024505297834437,21.0,0.6774193548387096,3.001644140337265
3si9xdvl,100.0,4,0.6025153819444444,0.4604887419719385,1417.0684445015806,1.0264923039671978,56.02054329217497,10.812410396118242,42.838498442335776,17.881661181484404,1.618163790299104,0.8901432212739011,20.0,0.6451612903225806,2.5724716386336177
3si9xdvl,200.0,0,0.15737440972222222,0.12027766613640516,1466.0362840950152,1.0619634985164776,41.154089738056825,7.943066624787686,32.4359787521388,13.539437730673836,1.35661620975666,0.7462673001488757,23.0,0.7419354838709677,10.63308883130036
3si9xdvl,200.0,1,0.1390069097222222,0.10623980549146403,1472.8398538029378,1.0668918504050438,42.82680066033979,8.265913136137375,33.46416833226882,13.968624989115362,1.3367983276592235,0.7353655895094491,19.0,0.6129032258064516,4.025517693483857
3si9xdvl,200.0,2,0.12923159722222222,0.09876875746447338,1457.5596281163068,1.055823200805888,41.763043918844176,8.060599624793856,47.44706748193536,19.80537170108929,1.2957323847195898,0.7127754345745282,19.0,0.6129032258064516,2.397764175376454
3si9xdvl,200.0,3,0.21627538194444446,0.16529433361467402,1456.0421216688303,1.0547239534861137,41.59285725559362,8.027752245263569,43.635045685562375,18.214156213671316,1.4494914729599122,0.7973574842575702,24.0,0.7741935483870968,8.187549064020557
3si9xdvl,200.0,4,0.15420819444444445,0.11785780013170512,1442.2311065510582,1.0447195667655034,41.214744984446355,7.954773569742161,35.652460003375865,14.882062472963522,1.3251759207303215,0.7289721658000132,24.0,0.7741935483870968,1.93118806766799
3si9xdvl,400.0,0,0.03753555555555556,0.028687567612322537,1555.4118190856998,1.1267051129295749,28.41322768730371,5.483978918790486,47.29845528774441,19.74333794639229,1.3569686549735849,0.7464611783722032,48.0,1.5483870967741935,7.798564459232239
3si9xdvl,400.0,1,0.045135625,0.034496127065323005,1579.2496014665403,1.1439726628863336,26.89189141864788,5.190348919498714,24.754317849747526,10.332956118053454,1.3054598908848836,0.7181264835380795,44.0,1.4193548387096775,6.716259830245417
3si9xdvl,400.0,2,0.05520715277777777,0.042193565662088914,1563.0720182093773,1.1322539877759672,28.570567440823098,5.514346742569042,26.840963702173845,11.203964568292744,1.3235263574021787,0.7280647498613975,45.0,1.4516129032258065,8.481096551529268
3si9xdvl,400.0,3,0.04830118055555555,0.036915488859399936,1593.8209912926584,1.1545278478335768,27.811221652364853,5.367786966192839,26.065658283408045,10.880336305990305,1.3468969079741955,0.7409207643723107,46.0,1.4838709677419355,11.530662202362286
3si9xdvl,400.0,4,0.06179597222222223,0.0472292498420693,1533.4307032009733,1.1107824901544843,26.802337064966334,5.173064216997457,30.138184998084554,12.580291848606153,1.387617171774286,0.7633207630667789,55.0,1.7741935483870968,9.94290102382696
3si9xdvl,800.0,0,0.023908680555555558,0.018272858355426826,1924.7798484490443,1.3942669522635676,29.91621814510714,5.774068030680451,29.801445979588966,12.439730128324825,1.3828129704174963,0.760677997669964,76.0,2.4516129032258065,19.75700834517738
3si9xdvl,800.0,1,0.013160416666666667,0.010058205808957514,1964.1178251826975,1.4227624921419808,28.768889564703052,5.552624489766816,29.13544068790272,12.161725963752156,1.2285996769114313,0.6758460921065769,70.0,2.2580645161290325,36.76324610203695
3si9xdvl,800.0,2,0.0308471875,0.023575800703055372,1906.2795604207429,1.3808657623945015,29.276677975870747,5.6506316916481465,29.583845228357088,12.348899145730918,1.1854234714331593,0.6520950930685196,68.0,2.193548387096774,4.991121026582283
3si9xdvl,800.0,3,0.0056615625,0.0043270028805022145,1829.5152404817304,1.3252594266932027,30.621893692150287,5.910269023615154,30.27677366345627,12.638141578355834,1.435343373587376,0.7895746906826103,78.0,2.5161290322580645,14.075765698854918
3si9xdvl,800.0,4,0.011095833333333334,0.008480291932643299,1933.6745895072459,1.40071010134183,29.879415787100044,5.766964882889787,28.553694477978674,11.918893254910197,1.1914466023998675,0.6554083851054582,59.0,1.903225806451613,36.773814145609094
bn4j8yj9,0.0,0,3.364299375,1.0,782.1578022734816,1.0,4.950560555401224,1.0,1.4353606474020209,1.0,0.6310206211382998,1.0,17.0,1.0,0.0
bn4j8yj9,10.0,0,3.3643688194444445,1.0000206415769537,782.3310457259975,1.000221494245806,66.85552781367727,13.504637922413796,18.924009274244135,13.184149439025154,0.6275337340508553,0.9944742105556638,17.0,1.0,0.19814254715122673
bn4j8yj9,10.0,1,3.364202326388889,0.9999711533962072,782.2620429186468,1.0001332731641392,66.29599190104156,13.391613163626584,18.55403444474448,12.926392038354248,0.6050209321085488,0.9587974019250748,14.0,0.8235294117647058,0.13361562036893282
bn4j8yj9,10.0,2,3.364158576388889,0.9999581492027263,782.3316121790401,1.0002222184641685,66.32366663289977,13.397203385491059,18.673041748754027,13.009303120126587,0.6070480839774262,0.9620098989512743,14.0,0.8235294117647058,0.09616395907731656
bn4j8yj9,10.0,3,3.3641568402777775,0.9999576331633024,782.3023266599369,1.0001847765067806,66.59502529302658,13.452017109531004,18.654585503441375,12.996444856702647,0.6311204165835353,1.000158149261518,17.0,1.0,0.18112317536056716
bn4j8yj9,10.0,4,3.364160486111111,0.9999587168460925,782.3384599021051,1.000230973376598,66.11961539855436,13.35598558155514,18.564783511079582,12.933880794824308,0.6251440949201295,0.9906872675451245,16.0,0.9411764705882353,0.03984167650917121
bn4j8yj9,25.0,0,3.351357534722222,0.9961531841149608,783.4105679150681,1.001601678891325,87.37258785917959,17.649029212227944,26.91072521851347,18.748406727759633,0.5716008360793556,0.9058354306207035,11.0,0.6470588235294118,0.2745381348310883
bn4j8yj9,25.0,1,3.362171215277778,0.9993674285534646,783.4112174756312,1.0016025093638474,88.21095143081973,17.81837641286474,27.01817634398128,18.823266746851207,0.596312260856127,0.9449964721920461,12.0,0.7058823529411765,0.32035901144134
bn4j8yj9,25.0,2,3.3618413541666667,0.9992693810629344,783.3693773707034,1.0015490161879101,86.97810708640446,17.569345150522096,26.74887689673144,18.635648779382706,0.4439814307837064,0.7035925862181922,13.0,0.7647058823529411,0.22914601266663515
bn4j8yj9,25.0,3,3.3621837847222222,0.9993711646788932,783.2750179531697,1.0014283763154197,87.0710767457696,17.588124773218297,26.82292491091679,18.687237217674767,0.5958429978060651,0.9442528149574927,12.0,0.7058823529411765,0.5210958909866772
bn4j8yj9,25.0,4,3.3623061805555556,0.9994075454582741,783.5867336423162,1.0018269093074073,87.65663058692496,17.70640508402401,26.95202488771497,18.777179753741816,0.6098642686532192,0.9664728033025028,14.0,0.8235294117647058,0.24012344927407295
bn4j8yj9,50.0,0,2.9180084375,0.8673450582857242,786.3660510566272,1.005380306596589,46.420894713652984,9.37689665526993,16.650525276230834,11.600238104874904,0.3701082646872695,0.5865232486691642,10.0,0.5882352941176471,0.7853901540794201
bn4j8yj9,50.0,1,2.9026356597222223,0.8627756736786311,786.4451298749093,1.005481410003155,48.071794864601735,9.710374073124674,17.423783561389,12.13895866026825,0.5629195378850147,0.892077879910743,12.0,0.7058823529411765,0.7070922651411413
bn4j8yj9,50.0,2,2.868138368055556,0.8525217432695198,786.6644932462809,1.0057618692285621,47.05880656335317,9.505753143855694,16.869260465704077,11.752628509244113,0.36102344521623164,0.5721262239655187,9.0,0.5294117647058824,0.6963581076554698
bn4j8yj9,50.0,3,2.9438265625,0.8750192044071583,786.285856092187,1.0052777761811063,47.66731598021799,9.628670419597512,17.152480024291467,11.949944465411654,0.5662020445628142,0.8972797807168976,11.0,0.6470588235294118,1.3475639497239051
bn4j8yj9,50.0,4,2.9875546875000003,0.8880168957912672,786.4512289548319,1.0054892077645594,47.242771587887916,9.542913587097628,16.82513043477175,11.721883601326928,0.449843817433245,0.7128829112141699,12.0,0.7058823529411765,1.001807274279107
bn4j8yj9,100.0,0,1.3872077430555556,0.4123318374588931,799.2633308148951,1.021869664269401,34.33161442484956,6.93489434997268,13.510372398729157,9.412528080091027,0.37090874359005954,0.5877917950145215,14.0,0.8235294117647058,1.9195563497746428
bn4j8yj9,100.0,1,1.2701499305555555,0.3775377244944367,798.8039653950777,1.0212823589731013,34.187033930513316,6.905689476561223,13.40004168495894,9.335661883452632,0.3259864023360014,0.5166018215822387,10.0,0.5882352941176471,1.8470081250699664
bn4j8yj9,100.0,2,1.3025630555555556,0.3871721598960127,800.0341428304885,1.0228551585179437,34.89481394561033,7.048659147808816,13.8042218748928,9.617249783096822,0.3316376003642916,0.5255574687338261,10.0,0.5882352941176471,0.5887159340659952
bn4j8yj9,100.0,3,1.2669163194444444,0.37657657010516327,799.5172721485123,1.0221943319168745,33.886860562640706,6.845055258574512,13.236836229033063,9.221958434621653,0.331822229453699,0.5258500567780557,9.0,0.5294117647058824,0.8229130368069534
bn4j8yj9,100.0,4,1.286257152777778,0.38232541441939244,798.1623018250883,1.020461982869808,34.88113799856726,7.045896643060106,13.793547774921937,9.60981325486945,0.34950711850635535,0.553875906425813,12.0,0.7058823529411765,2.556383444217166
bn4j8yj9,200.0,0,0.3896245833333334,0.1158115078071295,847.363417788226,1.083366317289443,36.72222350699474,7.417790994785346,15.269562275173326,10.63813634769142,0.22267868224677967,0.3528865377570213,9.0,0.5294117647058824,0.8544706278522669
bn4j8yj9,200.0,1,0.3432314236111111,0.10202166494505593,846.4134877868413,1.0821518181198078,36.72920383622352,7.419201002632066,15.297232673592944,10.657414010395703,0.22153790041009305,0.35107870169196725,10.0,0.5882352941176471,9.72628916472853
bn4j8yj9,200.0,2,0.4539229861111111,0.13492348198385617,845.58063523814,1.0810870041573561,36.72843260033847,7.419045215044698,14.908687019026884,10.386718519844724,0.2123203169389537,0.33647128132825277,10.0,0.5882352941176471,16.062798432354974
bn4j8yj9,200.0,3,0.3062048263888889,0.09101592702013593,845.844574429047,1.0814244542091742,36.26578005502519,7.325590637500239,15.114109123620208,10.529833844181598,0.24800121016899748,0.39301601542217024,12.0,0.7058823529411765,15.54167846173188
bn4j8yj9,200.0,4,0.3847878472222222,0.11437384261387921,842.9873507927495,1.0777714526946556,36.32208354079867,7.336963791134741,15.021434515875356,10.465268462712771,0.24817272275973368,0.39328781730152373,10.0,0.5882352941176471,13.059558284342682
bn4j8yj9,400.0,0,0.09756527777777776,0.029000177125371836,994.1292211017935,1.2710085077617062,37.15307277893078,7.504821396113528,15.27840901718014,10.644299775693174,0.14111192125970046,0.22362489676668296,11.0,0.6470588235294118,15.939150439775272
bn4j8yj9,400.0,1,0.14562211805555555,0.043284530246525864,995.9163019583792,1.2732933163404754,36.61984603161311,7.397111018399655,15.367236211993541,10.706184706824716,0.15772675926556456,0.24995499985569541,14.0,0.8235294117647058,6.100979623206885
bn4j8yj9,400.0,2,0.09817364583333332,0.02918100766027498,996.3054276391656,1.2737908191201643,35.22881694516118,7.116126860972417,14.987377752616172,10.441541489759441,0.1618755542677928,0.2565297374526129,10.0,0.5882352941176471,9.003488826918355
bn4j8yj9,400.0,3,0.080125,0.023816251489212372,992.4641657092084,1.2688797104937568,37.66561734563718,7.608354028624649,16.40006173509972,11.42574290634452,0.11075483003635336,0.17551697413083336,8.0,0.47058823529411764,17.704330435731347
bn4j8yj9,400.0,4,0.04048857638888889,0.01203477214000579,998.2043408958675,1.27621860703097,36.51799505502834,7.376537393363668,15.382577885731589,10.71687308243667,0.1837691862912664,0.2912253262972051,17.0,1.0,11.35861497210743
bn4j8yj9,800.0,0,0.008980208333333333,0.002669265523771449,1408.1362252173524,1.8003224171955488,49.538584126411706,10.006661583477348,20.784344063340377,14.48022425650285,0.21265635837146582,0.33700381770068694,18.0,1.0588235294117647,39.76445255315775
bn4j8yj9,800.0,1,0.017042291666666667,0.005065628758637649,1407.2952425373103,1.7992472087432418,49.85839963916001,10.071263462228103,21.076587645577547,14.683827150845904,0.24440859359583272,0.38732267283903243,24.0,1.411764705882353,18.875178762235315
bn4j8yj9,800.0,2,0.0078653125,0.002337875326567809,1407.8767825705097,1.7999907160399908,51.90180901462962,10.48402669431102,21.70829609395589,15.123931489446607,0.3616206958754984,0.5730727075498259,31.0,1.8235294117647058,28.111185497936194
bn4j8yj9,800.0,3,0.043168020833333334,0.012831206745188464,1403.3129113254656,1.7941557410109388,51.08357863749692,10.318746345151371,21.39965981182177,14.908907981109001,0.25828144215760074,0.409307451302758,24.0,1.411764705882353,24.08861049816374
bn4j8yj9,800.0,4,0.04387072916666667,0.013040078862383248,1405.7875958625273,1.7973196607850157,51.8987397365172,10.483406708336084,22.246028104271808,15.498563475692853,0.3349787693804497,0.5308523337576204,24.0,1.411764705882353,5.125494470457866
gq36edfi,0.0,0,3.1882231746031744,1.0,1837.467610704961,1.0,4.584038387282767,1.0,1.213311378927567,1.0,1.3091804406464678,1.0,23.0,1.0,0.0
gq36edfi,10.0,0,3.1882232142857143,1.0000000124466004,1837.4523066575396,0.9999916711198976,34.86402298759939,7.60552596686813,8.994323187231998,7.413037859400927,1.2121777845758972,0.9259058162962845,20.0,0.8695652173913043,0.1574274894346409
gq36edfi,10.0,1,3.1882628571428566,1.0000124466003504,1837.5653032516425,1.000053166948964,35.08515969650144,7.653766555235701,9.060431270617732,7.467523529389588,1.2577338468947685,0.9607032062545212,21.0,0.9130434782608695,0.15560411780199665
gq36edfi,10.0,2,3.1883025793650788,1.0000249056473012,1837.51805971946,1.0000274557299433,34.73871341299713,7.578189901151512,8.959439040061701,7.384286668423776,1.240541742944031,0.9475712471929819,21.0,0.9130434782608695,0.13057511174784175
gq36edfi,10.0,3,3.1882628571428566,1.0000124466003504,1837.4415127340542,0.9999857967722778,34.76674438592846,7.5843048091350695,8.962599022778093,7.386891096908726,1.2473329426368722,0.952758614405318,22.0,0.9565217391304348,0.1532344803712318
gq36edfi,10.0,4,3.188143809523809,0.9999751067992989,1837.4962915394315,1.000015608892534,34.81794033679198,7.595473116757787,8.97566926126406,7.397663466403454,1.259572821070651,0.9621078821256138,21.0,0.9130434782608695,0.08270949177640453
gq36edfi,25.0,0,3.1877823809523806,0.9998617431633064,1837.878274957519,1.0002234946891937,52.698775413001286,11.496146183941315,13.917147598692525,11.470384140791413,1.1999802177246914,0.9165888677134119,20.0,0.8695652173913043,0.354754357328537
gq36edfi,25.0,1,3.187907222222222,0.9999009001680091,1838.3546091586777,1.000482728755897,52.9088176932263,11.541966541992355,13.95447585675935,11.501149745330473,1.2266244006088738,0.9369406710683608,21.0,0.9130434782608695,0.3569151603740114
gq36edfi,25.0,2,3.1881427777777773,0.9999747831876897,1837.9134926344173,1.0002426611097026,53.40703773076235,11.650652376499814,14.08724040672163,11.610573057654163,1.2209923025695766,0.9326386681782809,20.0,0.8695652173913043,0.33397133989631045
gq36edfi,25.0,3,3.1877029761904763,0.9998368375160052,1837.9494307393168,1.000262219606783,53.29697231328006,11.626641797140872,14.05826243573163,11.586689682377807,1.2104739845490762,0.9246043913941682,21.0,0.9130434782608695,1.072129192475294
gq36edfi,25.0,4,3.187944325396825,0.9999125377393369,1838.1325503216108,1.0003618782789834,52.69277115746938,11.494836366041762,13.962495603269845,11.507759546120097,1.1798568374366245,0.9012178923586852,20.0,0.8695652173913043,0.30743998257845156
gq36edfi,50.0,0,2.760077063492063,0.865710118876982,1840.340143296915,1.001563310599446,77.52057344118205,16.910978244912368,20.59345958484531,16.972938639253222,1.1612764608534907,0.8870255197824811,19.0,0.8260869565217391,0.808272372234706
gq36edfi,50.0,1,2.7682,0.8682579130755321,1839.9965515393385,1.001376318591764,77.8537736944019,16.983665300532195,20.61700364991948,16.99234343960627,1.1505084949448838,0.8788005527922245,18.0,0.782608695652174,0.34128563716093396
gq36edfi,50.0,2,2.7764157936507936,0.8708348323189022,1839.3911870165014,1.0010468627040463,76.94134161584036,16.784619829819547,20.448940613616344,16.853827441798945,1.179673202864541,0.9010776255426053,17.0,0.7391304347826086,0.7765947053217634
gq36edfi,50.0,3,2.8730505555555554,0.9011447437060779,1840.4698345247518,1.0016338921036214,76.80349060873232,16.754547872418303,20.482193706963233,16.88123433332277,1.1320916508087744,0.8647330922922682,18.0,0.782608695652174,0.9683398294992894
gq36edfi,50.0,4,2.773007023809524,0.8697656569021927,1839.8585762411317,1.0013012286705034,77.6631860419595,16.942088935689544,20.69145149697536,17.053702665563325,1.1375338724869681,0.8688900606590629,18.0,0.782608695652174,0.49724193362424557
gq36edfi,100.0,0,1.2255761507936505,0.38440726501092354,1846.3694004917804,1.0048445968434807,114.78638836724654,25.04045094510809,31.537192853227776,25.992662230781324,1.0738633441938208,0.8202561777225694,18.0,0.782608695652174,8.003717245111192
gq36edfi,100.0,1,1.1940019047619048,0.3745038660634281,1847.4011299275746,1.0054060921480965,118.21830658070303,25.789117933364007,32.53625896015934,26.816083262087094,1.0838946650606764,0.8279184682330374,19.0,0.8260869565217391,10.976372755448702
gq36edfi,100.0,2,1.1204735714285714,0.3514413860215517,1845.8329268478626,1.0045526332514194,115.57871600614347,25.21329584123615,31.848505998004594,26.249243641113093,1.0822701752144837,0.8266776233534799,17.0,0.7391304347826086,10.889839082206723
gq36edfi,100.0,3,1.3145895634920635,0.4123267072279798,1845.933413494363,1.0046073208257282,115.20623958514868,25.132040757939265,31.728610634044195,26.15042699268903,1.111005420890169,0.8486266571027896,19.0,0.8260869565217391,10.348912342649035
gq36edfi,100.0,4,1.2816805555555553,0.40200465443109423,1848.1458172728533,1.0058113713165238,114.81997079649652,25.047776893630502,31.64130151565606,26.078467626029745,1.0775782230357953,0.8230937383266219,19.0,0.8260869565217391,7.51946878965869
gq36edfi,200.0,0,0.36705253968253965,0.11512761798057793,1878.5202505330633,1.0223419665135496,88.76765342573653,19.364509178631554,28.413028049176067,23.417754537413174,0.8864172703885345,0.6770779969419841,17.0,0.7391304347826086,11.362659396284323
gq36edfi,200.0,1,0.35393948412698417,0.11101465134135023,1876.1873297388788,1.0210723273751,87.44805385452612,19.0766408276877,28.418358190332643,23.422147590383048,0.9122497387303801,0.6968097829814163,17.0,0.7391304347826086,6.011310326287936
gq36edfi,200.0,2,0.44530662698412693,0.13967235121159688,1875.813419798106,1.0208688353850401,85.70716206401981,18.69686831196533,27.556058008316665,22.711447767574036,0.730845879863856,0.558246867408871,17.0,0.7391304347826086,9.178726683938706
gq36edfi,200.0,3,0.21504273809523808,0.06744908568767417,1877.7621469846051,1.021929385881357,88.17176555207293,19.234517275571417,28.28194886245353,23.309720285860703,0.7393861753855401,0.5647702581169287,17.0,0.7391304347826086,11.717726785003661
gq36edfi,200.0,4,0.37125916666666664,0.1164470447439351,1875.415279015988,1.0206521563101012,87.53073220653347,19.094676966354584,28.309337908031967,23.332294083530552,0.782844749960667,0.5979655100668183,24.0,1.0434782608695652,12.035946265825043
gq36edfi,400.0,0,0.09415408730158732,0.02953183705946379,1978.7012503534845,1.0768631995610185,59.663376638296825,13.015461825934416,21.666531984364585,17.85735497141336,0.23043142060679647,0.17601196401392188,19.0,0.8260869565217391,6.992782389451944
gq36edfi,400.0,1,0.1846951587301587,0.057930436050213766,1976.8358783251545,1.0758480132157124,60.26624332527534,13.146976144979172,22.515314025343606,18.55691326759389,0.23745072465684586,0.18137356569396476,16.0,0.6956521739130435,5.626198351400521
gq36edfi,400.0,2,0.11674007936507935,0.036616031241166025,1980.7005503920725,1.0779512731830734,59.36539014940898,12.950456591747345,21.755357246723484,17.9305639298898,0.6764189368379114,0.5166735736625416,25.0,1.0869565217391304,2.317403154038107
gq36edfi,400.0,3,0.11799666666666668,0.03701016528786548,1978.4836154346267,1.0767447567010793,59.98769736973957,13.086211829324984,21.890440191020428,18.04189804134958,0.2877512587133182,0.21979495704291752,22.0,0.9565217391304348,11.074660987829311
gq36edfi,400.0,4,0.12215924603174602,0.038315776324833566,1976.8564920248896,1.0758592317534514,58.43367150598872,12.747203790460803,21.338437933332273,17.586942893581938,0.2675144062120891,0.20433730745319692,19.0,0.8260869565217391,10.455363277725914
gq36edfi,800.0,0,0.02281765873015873,0.007156857434548557,2293.7090383196532,1.248299031208311,70.22277378205891,15.318975944196692,26.97765058514733,22.234729726999337,0.4992860773820215,0.3813730039653481,35.0,1.5217391304347827,32.638416451468046
gq36edfi,800.0,1,0.0731004365079365,0.02292826835029672,2293.0352901656775,1.2479323590830174,67.73754708454886,14.776828063322775,26.15432378738398,21.556151406493452,0.528592523197591,0.4037583413151011,32.0,1.391304347826087,24.142405618909706
gq36edfi,800.0,2,0.04217095238095238,0.013227101765296349,2300.454143745355,1.2519699015879604,72.113315656402,15.731394365383544,28.15883168251573,23.20824824655071,0.5888645435101467,0.44979631930596814,36.0,1.565217391304348,13.533159908850708
gq36edfi,800.0,3,0.008942539682539682,0.0028048662821895222,2295.604996483676,1.2493308633630535,71.18701607334758,15.52932372268906,27.309208694191884,22.507996849357998,0.5487012299940972,0.4191181085192129,40.0,1.7391304347826086,28.151280635993622
gq36edfi,800.0,4,0.009587738095238095,0.003007235557288565,2296.6589853372316,1.2499044728500535,70.85626837027374,15.457171686617238,26.786071738860805,22.076832216423067,0.6235836969144161,0.47631608107931483,43.0,1.8695652173913044,30.192544850754754
ubrmuu2r,0.0,0,2.206685972222222,1.0,936.1387892214614,1.0,23.260094451897853,1.0,5.1636207740273115,1.0,0.8080395524631057,1.0,10.0,1.0,0.0
ubrmuu2r,10.0,0,2.2053060763888888,0.9993746750327398,936.5414265074356,1.000430104265105,171.74882214319146,7.383840271946016,38.56674985193,7.468935373007702,0.8080395524631057,1.0,10.0,1.0,0.22480797354567167
ubrmuu2r,10.0,1,2.2055696527777777,0.9994941194812055,936.5725866750278,1.000463390106853,172.566805481279,7.4190070826302605,38.737097540118796,7.501925341799685,0.806082127941337,0.9975775634796565,9.0,0.9,0.07355961338159221
ubrmuu2r,10.0,2,2.2056018055555553,0.9995086900989474,936.5934392779577,1.0004856652258522,171.57221202066745,7.376247434226064,38.533831237161095,7.462560269914446,0.8080395524631057,1.0,10.0,1.0,0.20380989471001532
ubrmuu2r,10.0,3,2.2053016319444443,0.9993726609516697,936.5025868063649,1.0003886150099668,172.1592925688717,7.401487252121832,38.64700908002316,7.484478580304579,0.805476585241004,0.9968281661283916,9.0,0.9,0.21579427790907815
ubrmuu2r,10.0,4,2.205936736111111,0.9996604699895941,936.5593254756262,1.000449224259273,171.96616245975434,7.393184185704077,38.603506136617156,7.476053689068409,0.8000254418925778,0.990082031818741,9.0,0.9,0.1276114443725181
ubrmuu2r,25.0,0,2.1964092708333336,0.9953429253105102,938.4285941014629,1.0024460100429187,224.6233578819158,9.65702690272559,60.767791134786464,11.768445785260731,0.7976650089503636,0.9871608469150825,8.0,0.8,0.28748096366510373
ubrmuu2r,25.0,1,2.195033715277778,0.994719567219295,938.3092213447883,1.0023184939544403,224.10120786356663,9.634578583806293,60.59610817459978,11.735197224279986,0.7960386527673384,0.9851481283816053,8.0,0.8,0.27641273435957237
ubrmuu2r,25.0,2,2.1973737152777777,0.9957799809027351,938.3703527563177,1.002383795608675,222.9428847492548,9.584779855916032,60.39531739519913,11.696311568615531,0.7939707987789781,0.9825890284191628,8.0,0.8,0.3385542710981916
ubrmuu2r,25.0,3,2.195787048611111,0.9950609539606873,938.5133489515009,1.00253654667169,223.29407390823422,9.599878210727345,60.54766614691496,11.725815817355512,0.6879566918437773,0.8513898728678739,8.0,0.8,0.3959465991940189
ubrmuu2r,25.0,4,2.198468229166666,0.996275979836279,938.3964264380204,1.002411647976297,224.20438690209315,9.639014465988108,60.7163924675859,11.758491787968927,0.7942731993879328,0.9829632682791213,8.0,0.8,0.40903465386301685
ubrmuu2r,50.0,0,1.8588676736111112,0.8423797935050795,943.6965681161373,1.0080733529917731,129.12403211616027,5.551311598634746,50.72889866908723,9.824288205719988,0.6892382583968442,0.8529758924496634,8.0,0.8,2.0410941636066786
ubrmuu2r,50.0,1,1.8518408680555554,0.8391954683931202,943.6011564973923,1.007971432614321,129.63397910226158,5.573235283732237,50.916386395848214,9.86059755820072,0.6829725774396329,0.8452217163847519,8.0,0.8,1.3757284834559491
ubrmuu2r,50.0,2,1.8738735069444445,0.8491799605982804,943.6024891770394,1.0079728562062737,131.06957162415324,5.634954402064301,51.39820720696027,9.953908208265416,0.6809184931920713,0.8426796573465523,7.0,0.7,0.6669926736152295
ubrmuu2r,50.0,3,1.8789253472222223,0.8514692941696949,943.6738920229236,1.0080491299882242,130.8783126820801,5.626731781022556,51.351381264879265,9.94483977661053,0.6884459367510958,0.8519953443523169,8.0,0.8,1.4414903019669834
ubrmuu2r,50.0,4,1.8580944444444445,0.8420293906038965,943.6761312695838,1.008051521991083,129.4877542904342,5.566948773927654,50.838630278065544,9.845539109645825,0.7983771986702632,0.9880422266912688,9.0,0.9,0.4508264686094499
ubrmuu2r,100.0,0,0.8561155555555555,0.3879643802209938,958.1911247731551,1.0235566945901617,107.38611656541703,4.616753246101076,50.989530467234324,9.874762826059664,0.6727339833061142,0.8325508092462227,9.0,0.9,7.92507543632866
ubrmuu2r,100.0,1,0.8747863888888888,0.39642540891667677,958.3233266521651,1.0236979149738614,105.60073817875423,4.539996103504127,49.675243265825856,9.620234606632852,0.5853681036289827,0.7244300131653644,7.0,0.7,4.267980449230716
ubrmuu2r,100.0,2,0.8651305902777777,0.39204970764669167,958.9480144828776,1.0243652175553857,105.80955586344368,4.5489736115327934,50.28364382456904,9.738059014227499,0.6747885073693726,0.8350934125841356,10.0,1.0,6.735327413422127
ubrmuu2r,100.0,3,0.8566414930555555,0.3882027183926324,958.3133223823883,1.0236872282360698,106.17878823237227,4.564847681592663,50.27891056556445,9.737142359187999,0.6613798781243292,0.8184993867048694,7.0,0.7,5.428993930157553
ubrmuu2r,100.0,4,0.8513697222222223,0.38581371927826164,958.1566543166421,1.0235198726392822,106.69282598519325,4.586947237288106,50.23564819933989,9.728764058743828,0.5947645605016968,0.736058722235448,7.0,0.7,5.8091853086512275
ubrmuu2r,200.0,0,0.26275177083333334,0.11907075775205643,1002.7358562413955,1.0711401640298652,141.42790980284354,6.080280976301197,70.90115546483929,13.73089902757144,0.5707616680123054,0.7063536262209961,8.0,0.8,3.490065167166965
ubrmuu2r,200.0,1,0.25799538194444444,0.11691531336678261,1001.5135881907261,1.0698345156957267,139.2092592284108,5.984896558193139,70.56078052010004,13.664981145597745,0.5474344099125323,0.677484670451856,7.0,0.7,7.065563776112059
ubrmuu2r,200.0,2,0.26518319444444444,0.1201726017125102,1001.439134799911,1.069754983267766,138.71493863736484,5.9636446844284725,69.84403575138684,13.52617452131612,0.5571144840667676,0.6894643738274246,6.0,0.6,2.5779894154700242
ubrmuu2r,200.0,3,0.26795954861111115,0.12143075724601858,1002.2825477537381,1.0706559318915576,141.04988347504653,6.064028835598211,70.98357908604382,13.746861396771576,0.5443884365757368,0.6737150859958592,5.0,0.5,7.634583049444105
ubrmuu2r,200.0,4,0.27190916666666665,0.12322059871203292,1002.4877845255853,1.0708751694386074,142.44122889518388,6.123845678690342,71.42663739632937,13.832665201829087,0.5629412044900688,0.6966753084970704,9.0,0.9,7.002804942358251
ubrmuu2r,400.0,0,0.07214326388888888,0.03269303598111774,1133.4258384937534,1.2107455128917002,172.19666237340334,7.403093858002514,104.96676391722266,20.32813184988311,0.5478525253451686,0.6780021147172534,16.0,1.6,10.850385166152245
ubrmuu2r,400.0,1,0.07192625,0.032594692178863745,1131.8830390932376,1.209097467304572,177.93900841387952,7.649969297496168,107.53822964820009,20.82612847734881,0.5403629570169334,0.6687333007026359,16.0,1.6,5.755863395213225
ubrmuu2r,400.0,2,0.07361291666666667,0.033359035944990165,1132.784671207908,1.2100606066649444,174.25040323054662,7.491388463228234,106.75959386123654,20.67533588024717,0.5330985483319775,0.659743135972689,16.0,1.6,6.126916808061103
ubrmuu2r,400.0,3,0.07666840277777778,0.0347436852107097,1132.7003653343431,1.209970549640777,171.41794551738482,7.3696151953242985,107.01468523931679,20.724737528672506,0.5918373631666696,0.7324361305861848,23.0,2.3,7.663757936419066
ubrmuu2r,400.0,4,0.07322565972222222,0.03318354339674395,1130.7331206895826,1.207869104142085,172.42962809800918,7.4131095406596765,105.42998010469209,20.417839480970073,0.5311466869852048,0.6573275842328975,16.0,1.6,12.857207869424839
ubrmuu2r,800.0,0,0.01837361111111111,0.008326337024115915,1519.0205405048387,1.622644588595811,90.76127731715881,3.90201671385532,120.82611234837697,23.39949381180832,0.3660243982309796,0.45297831908753244,33.0,3.3,14.279883550539443
ubrmuu2r,800.0,1,0.01888454861111111,0.008557877672142722,1518.5729963676163,1.6221665140385173,90.91194296550412,3.9084941444890124,120.52084491109807,23.340374939482455,0.38895720316428944,0.48135911414070154,34.0,3.4,31.50521726857807
ubrmuu2r,800.0,2,0.018427951388888888,0.008350962312200316,1515.7808594994626,1.6191839040876193,89.14603596291741,3.8325741173266707,120.89413574536137,23.41266739677152,0.5633532608218472,0.6971852542423279,37.0,3.7,37.675956781625814
ubrmuu2r,800.0,3,0.018841631944444444,0.008538429201808972,1513.434508637645,1.6166774906275285,92.89204646690524,3.993622926123842,120.2034202843706,23.27890167476788,0.3972290694540735,0.49159607131014865,37.0,3.7,48.391449447376445
ubrmuu2r,800.0,4,0.017615798611111108,0.00798292046664496,1517.0580913785448,1.620548265754701,90.10253944521823,3.8736961980765527,120.24654039189258,23.287252425028022,0.4471778131779897,0.5534107975468285,33.0,3.3,12.710328445291033
xwyd72l9,0.0,0,1.3982256172839507,1.0,3910.851456300473,1.0,9.98010323540521,1.0,4.6694335752188945,1.0,0.682164532496289,1.0,2.0,1.0,0.0
xwyd72l9,10.0,0,1.3982195370370372,0.999995651455074,3913.8134584043632,1.0007573803651169,92.55283520735749,9.273735253461002,43.95443210763877,9.41322569420602,0.682164532496289,1.0,2.0,1.0,0.06611070820732724
xwyd72l9,10.0,1,1.3982512345679012,1.000018321280653,3913.8568759436853,1.00076848217755,91.82641007919786,9.20094791739592,43.56649041321928,9.33014459064812,0.682143032269622,0.9999684823445918,2.0,1.0,0.07945850674862726
xwyd72l9,10.0,2,1.3981333333333332,0.9999339992419845,3913.8645513742513,1.0007704447758874,92.08322356259123,9.226680465179827,43.827258278646724,9.385990307527221,0.682164532496289,1.0,2.0,1.0,0.22532348617091053
xwyd72l9,10.0,3,1.3981583950617285,0.9999519231936597,3913.802646870513,1.0007546158689524,92.19972106808515,9.238353441174768,43.7768275616042,9.375190128826711,0.6821215180704513,0.9999369442065827,2.0,1.0,0.10088761416326805
xwyd72l9,10.0,4,1.398194197530864,0.9999775288389097,3913.806903594081,1.0007557043080342,92.12870614825432,9.231237791350736,43.73747804971895,9.366763087034302,0.6821215180704513,0.9999369442065827,2.0,1.0,0.06552247238572607
xwyd72l9,25.0,0,1.3960479938271604,0.9984425807753255,3920.0664748039903,1.002356269115942,117.62333472669047,11.785783368393659,71.42604119108988,15.29651081667685,0.6821215180704513,0.9999369442065827,2.0,1.0,0.26706149011714037
xwyd72l9,25.0,1,1.396413024691358,0.9987036479877163,3920.201931857593,1.0023909053211562,117.73201000064743,11.796672561761062,71.34301427507603,15.27872987715252,0.6821215180704513,0.9999369442065827,2.0,1.0,0.32228043222155434
xwyd72l9,25.0,2,1.3958067901234568,0.998270073777369,3920.052591934957,1.0023527192830761,117.68896190320672,11.79235916976247,71.40495959290861,15.291996008222748,0.6821215180704513,0.9999369442065827,2.0,1.0,0.36166511585023914
xwyd72l9,25.0,3,1.3964563580246914,0.9987346396480018,3920.085691359237,1.002361182765939,117.09607245762835,11.732952024205593,71.26046928142841,15.261052145513785,0.6821215180704513,0.9999369442065827,2.0,1.0,0.9665966699887566
xwyd72l9,25.0,4,1.3958744135802468,0.9983184375435267,3919.956319821502,1.0023281026197917,118.32868221222787,11.856458738066703,71.3779941899582,15.28622113156672,0.6821215180704513,0.9999369442065827,2.0,1.0,0.13562343195849724
xwyd72l9,50.0,0,1.1989231481481482,0.8574604365188595,3933.2770866389346,1.0057342066271358,56.41611155746339,5.652858515262923,59.398633850950745,12.720736443534534,0.6820999899157231,0.9999053856108149,2.0,1.0,1.1942161112181315
xwyd72l9,50.0,1,1.1971492283950618,0.8561917430182124,3933.211875144499,1.0057175321266685,56.16397908948639,5.627595002248094,59.108676628539,12.65863957081092,0.6821868881196933,1.0000327716003097,2.0,1.0,1.2182115966366784
xwyd72l9,50.0,2,1.1975693209876546,0.8564921899470914,3933.0956225018363,1.0056878064661667,55.9216727379207,5.603316059851378,58.98156019156853,12.631416475135014,0.6821074895889421,0.9999163795468256,2.0,1.0,0.5528115462201065
xwyd72l9,50.0,3,1.1971949691358026,0.8562244564374027,3933.3359012266446,1.0057492454462695,56.31074872409174,5.642301226336505,59.44475613845313,12.730613934403483,0.6821290043399749,0.9999479184938214,2.0,1.0,0.5752322144373213
xwyd72l9,50.0,4,1.1982345679012347,0.8569679693244371,3932.977866804191,1.0056576964763189,56.92447791304195,5.703796500931758,59.64260644055591,12.772985305345086,0.682143032269622,0.9999684823445918,2.0,1.0,0.362743743270355
xwyd72l9,100.0,0,0.567736450617284,0.40604065867432065,3966.9624057645105,1.014347502095392,29.900178019727655,2.9959788305249586,47.26471311950211,10.12215129696677,0.682194324808329,1.0000436732058335,2.0,1.0,0.5903418689906202
xwyd72l9,100.0,1,0.5408842901234567,0.38683620399840973,3967.19937255762,1.0144080942185543,30.15012381728212,3.0210232405534807,47.13459967411965,10.09428636575263,0.682287347656164,1.0001800374455494,2.0,1.0,1.9393865540006694
xwyd72l9,100.0,2,0.5405588271604939,0.38660343543878695,3966.996981169492,1.01435634298474,29.54384169610776,2.9602741574153892,46.69529670814712,10.000205797114939,0.682194324808329,1.0000436732058335,2.0,1.0,2.1131570617344932
xwyd72l9,100.0,3,0.5381788888888888,0.38490132224461726,3966.857255035202,1.0143206151807433,29.59943503986301,2.9658445751198905,46.73064867308867,10.007776729300197,0.6822659702267557,1.000148699801345,2.0,1.0,2.735601027961944
xwyd72l9,100.0,4,0.5553935493827161,0.397213112474342,3966.630597419202,1.0142626591017327,29.682543358386106,2.9741719758053127,46.888343384005715,10.041548429523955,0.6822231733423603,1.0000859629067151,2.0,1.0,1.457529401292893
xwyd72l9,200.0,0,0.16051620370370367,0.11479993051157648,4050.687839647577,1.0357559945473829,29.26987793171641,2.932823162377639,55.22546493692699,11.827015856915391,-0.0,-0.0,1.0,0.5,0.5913405899266617
xwyd72l9,200.0,1,0.16872206790123456,0.12066870025523971,4049.6547060447056,1.0354918235313226,28.751259298286655,2.880857904985319,53.88599487309445,11.540156638927746,-0.0,-0.0,1.0,0.5,4.665018158913023
xwyd72l9,200.0,2,0.15816203703703702,0.11311624896722056,4049.8492425605436,1.0355415662837673,30.335633961361722,3.0396112390645067,56.94936846504412,12.196204860323864,-0.0,-0.0,1.0,0.5,1.7112108414055112
xwyd72l9,200.0,3,0.1633699074074074,0.11684087702866794,4051.25507847272,1.035901036830753,30.004768461385716,3.006458726292671,56.72300937652457,12.14772808367137,-0.0,-0.0,1.0,0.5,1.5024173554173978
xwyd72l9,200.0,4,0.1856363888888889,0.13276569002468075,4050.538888458384,1.0357179079079752,29.044477933308535,2.910238225820244,53.57958865640157,11.474537070353305,-0.0,-0.0,1.0,0.5,1.6440303974263695
xwyd72l9,400.0,0,0.041506975308641975,0.029685463344084024,4243.506546171953,1.0850595052224663,39.165747273860305,3.9243829798189562,82.3195192473878,17.62944432580965,0.029687263637977003,0.04351921306922902,4.0,2.0,4.04169252632252
xwyd72l9,400.0,1,0.043991697530864196,0.03146251719827444,4244.859209908889,1.085405379708381,38.577816602037664,3.8654727002401934,82.08109468363001,17.57838362221101,0.05163344458140592,0.07569060266510823,7.0,3.5,4.8288467698174005
xwyd72l9,400.0,2,0.04520246913580247,0.032328451558202846,4243.28416088345,1.0850026415724432,39.64226257570693,3.9721295101510425,84.40844868533664,18.076806817276488,0.015049988979425367,0.022062110037225136,3.0,1.5,3.135835356660022
xwyd72l9,400.0,3,0.04554811728395062,0.03257565640402706,4245.050605775333,1.0854543194005637,39.015858701532885,3.909364240153451,82.908924697046,17.75567065287129,0.0276157776107412,0.04048257611647588,4.0,2.0,3.6691865987015153
xwyd72l9,400.0,4,0.04624716049382716,0.03307560662753565,4243.88626477466,1.0851565988111516,38.56960572380282,3.8646499754605825,83.24493133333179,17.827629409939604,0.005691523328533492,0.008343329295802188,2.0,1.0,3.2217309523108604
xwyd72l9,800.0,0,0.013661141975308643,0.00977034164332175,4675.249565437518,1.1954556744684286,37.726013619889805,3.780122582906134,113.11425039640432,24.224405074892136,0.17681634705590896,0.2591989741959662,19.0,9.5,7.927100605101419
xwyd72l9,800.0,1,0.013408765432098764,0.009589843918140517,4678.708230312212,1.1963400509049518,38.41710918401526,3.8493699191134128,116.8759654774202,25.030009228033887,0.33479784936501045,0.49078753499520555,31.0,15.5,9.367980697934385
xwyd72l9,800.0,2,0.010633858024691358,0.007605251894431456,4676.454773219838,1.1957638446446133,38.665633073159505,3.8742718548231143,118.36093635517081,25.34802871665698,0.19666114957925437,0.2882899069226004,19.0,9.5,5.347725006991405
xwyd72l9,800.0,3,0.015028364197530866,0.010748168258226751,4679.1648808171485,1.1964568158882396,38.25470316520232,3.833096939267193,115.5393526904382,24.743761920849668,0.2122121233597699,0.31108642160448935,25.0,12.5,8.219721052931588
xwyd72l9,800.0,4,0.01197354938271605,0.0085633886510924,4675.96773258335,1.195639308941345,36.58278778993239,3.665572081474272,115.22391616274507,24.676208432270844,0.31239286355976,0.45794357325585444,28.0,14.0,17.535625557045396
zg5uqa5l,0.0,0,4.209102777777778,1.0,403.80617077729096,1.0,5.455617495405557,1.0,1.301916720784908,1.0,0.13208436304553903,1.0,7.0,1.0,0.0
zg5uqa5l,10.0,0,4.2092764236111115,1.0000412548332749,406.2867962705551,1.00614310942423,97.91134695731131,17.946886313009895,23.29364061674064,17.891805401114457,0.13070449252259655,0.9895531121843186,8.0,1.1428571428571428,0.18438187599479244
zg5uqa5l,10.0,1,4.209172673611111,1.0000166058747013,406.2549433964904,1.0060642278311045,97.50815184451876,17.87298173426476,23.19592272761784,17.816748458099017,0.1359754851484185,1.0294593698539314,8.0,1.1428571428571428,0.05608815206283206
zg5uqa5l,10.0,2,4.209305868055555,1.0000482502539139,406.2377049185779,1.0060215378497224,98.12467801198822,17.985989321029898,23.332766650201805,17.921858040301377,0.13186315446603505,0.9983252477855558,8.0,1.1428571428571428,0.2276534474752582
zg5uqa5l,10.0,3,4.209102847222222,1.0000000164986336,406.30897423145757,1.0061980317174177,97.42933880262912,17.858535515856666,23.209078350496803,17.826853269465932,0.12990406436126045,0.9834931354930571,7.0,1.0,0.07524941176218237
zg5uqa5l,10.0,4,4.209262569444444,1.000037963355875,406.29966952167877,1.0061749892023395,97.83156909774748,17.93226324611948,23.277388750499902,17.879322370532485,0.14442762066477416,1.0934498023432155,10.0,1.4285714285714286,0.3567894462290208
zg5uqa5l,25.0,0,4.208636215277778,0.9998891539302716,413.80856920545455,1.024770296127248,129.0566744944769,23.655741005149622,34.33915053667171,26.375842623765596,0.11502814970854855,0.8708687921589177,7.0,1.0,1.160131144329702
zg5uqa5l,25.0,1,4.208177430555556,0.9997801557075043,413.47047886500354,1.023933037152725,129.21149202364316,23.684118641466068,34.42369629295608,26.440782074142575,0.135901264257078,1.0288974495052303,8.0,1.1428571428571428,0.26548655610665717
zg5uqa5l,25.0,2,4.2082778819444435,0.9998040209809821,413.55018311244373,1.024130419593134,128.70493837212786,23.59126872082154,34.16852074905501,26.244782176585975,0.13763069988857535,1.041990866406526,10.0,1.4285714285714286,0.5853458580055184
zg5uqa5l,25.0,3,4.208603020833333,0.9998812675834188,413.55915812424155,1.024152645632376,129.47538269361934,23.73248909086037,34.46422863451136,26.47191489616428,0.14028919525773176,1.0621181192308429,9.0,1.2857142857142858,0.3724313162939141
zg5uqa5l,25.0,4,4.208585972222222,0.999877217168874,413.4891271784463,1.0239792185010856,129.10191779210442,23.66403397980659,34.47864630088146,26.482989080971898,0.12611086053663328,0.9547750969821746,7.0,1.0,0.2791207645903266
zg5uqa5l,50.0,0,3.673483958333333,0.8727475075514245,429.0356939913453,1.062479290907045,64.85415399473855,11.88759183526987,21.125873416558434,16.226747133120718,0.07172224024543836,0.5430032639117964,5.0,0.7142857142857143,1.0080013076345913
zg5uqa5l,50.0,1,3.6644699305555553,0.8706059519150623,428.8913187895504,1.0621217550092727,65.33278686246372,11.975323951410388,21.101964199455225,16.208382504476273,0.10287689694107649,0.7788726429759697,5.0,0.7142857142857143,1.2323506812642224
zg5uqa5l,50.0,2,3.6412580555555554,0.8650912671412553,428.76248707464987,1.0618027115566864,65.46538059188353,11.99962802506135,21.309531316399166,16.36781445095193,0.11741480084720571,0.8889379343618771,7.0,1.0,1.2295222279394526
zg5uqa5l,50.0,3,3.6042744791666665,0.8563046970949866,429.15491654575794,1.0627745378919617,65.5928216278981,12.022987623882546,21.0648095811006,16.179844105851036,0.11320974362025822,0.8571017871451342,7.0,1.0,0.972167593915013
zg5uqa5l,50.0,4,3.6503234375,0.8672450235171523,429.32553278715136,1.0631970580358836,65.01097841326654,11.916337329003634,20.943066627792263,16.08633355224593,0.1081969305818914,0.819150186192654,6.0,0.8571428571428571,0.6225764010328347
zg5uqa5l,100.0,0,1.5921339236111112,0.3782596927822438,466.8826635128004,1.1562048757553476,40.090869398689605,7.348548433326218,14.47495863667804,11.118190899300595,0.046735012652999244,0.3538269903825505,3.0,0.42857142857142855,1.334776116976071
zg5uqa5l,100.0,1,1.5860030208333333,0.3768031109163539,467.5214239697076,1.1577867249273839,39.505397688723775,7.2412330450206985,14.142161216930875,10.862569772054817,0.0649993952312056,0.49210514956108475,4.0,0.5714285714285714,2.176037413473665
zg5uqa5l,100.0,2,1.6003273958333333,0.38020630056418725,467.13695482431433,1.1568346118265533,39.64119658496612,7.266124617121694,14.256595421740865,10.950466488475358,0.09338776583269082,0.7070312009642905,8.0,1.1428571428571428,1.8907909334818653
zg5uqa5l,100.0,3,1.665640625,0.39572343868480814,467.0666763777283,1.1566605717754797,40.22351235058571,7.372861529324573,14.351366253453293,11.023259801749107,0.05421889900457657,0.410486886974527,4.0,0.5714285714285714,2.833289281888032
zg5uqa5l,100.0,4,1.7389545138888889,0.4131413761312288,467.090642336633,1.1567199219306754,40.06384792966816,7.34359547079829,14.466457004807516,11.11166081044407,0.041675824602768564,0.31552428797646465,3.0,0.42857142857142855,2.0462998867955156
zg5uqa5l,200.0,0,0.502536875,0.11939287338222648,554.661142307488,1.3735826305967902,38.87873575842376,7.126367600214907,14.440423388921142,11.091664434738348,0.012100405923905443,0.09161119185420577,2.0,0.2857142857142857,4.878497424269618
zg5uqa5l,200.0,1,0.5027069444444445,0.11943327853587167,557.2816106403088,1.3800720518153333,38.50941087247918,7.058671342869959,14.519544431605192,11.152437171904172,0.016971448007066736,0.12848945640306758,3.0,0.42857142857142855,0.8639460780006493
zg5uqa5l,200.0,2,0.5341830555555556,0.12691138319924344,556.7355723700147,1.3787198231724598,37.69120794760103,6.908696949399888,14.216051498940098,10.919324770918859,0.03125607481811964,0.23663720744402889,4.0,0.5714285714285714,6.227994751942164
zg5uqa5l,200.0,3,0.5179135069444445,0.12304605857542879,555.5200993094161,1.3757097823445572,38.689707937535466,7.091719309522335,14.465916965193962,11.111246006943253,0.027802872381965382,0.21049329186967972,4.0,0.5714285714285714,4.101315650144914
zg5uqa5l,200.0,4,0.6420616319444444,0.15254121028696402,555.6553899801207,1.3760448209856069,38.91462446731118,7.132945903939031,14.592613045055646,11.208561048557666,0.0249551373971423,0.18893332126330853,2.0,0.2857142857142857,1.3256026744272313
zg5uqa5l,400.0,0,0.13995993055555556,0.033251725592086466,765.4614213679706,1.8956159582567187,45.09732568531331,8.266218392930218,17.530020911002477,13.464778991726801,0.0073346398715115335,0.0555299635959387,2.0,0.2857142857142857,10.44962403539022
zg5uqa5l,400.0,1,0.14728649305555558,0.03499237268169451,762.8670988028493,1.8891912853495973,43.505789230885384,7.974494045362188,16.834231293649154,12.93034418015618,0.03305702907580258,0.2502720860637033,5.0,0.7142857142857143,6.473737727699768
zg5uqa5l,400.0,2,0.10963184027777778,0.026046368089794804,763.3359097694636,1.8903522655439113,42.92184326542574,7.867458321917241,16.82542940705359,12.92358346616039,0.010577285799004252,0.08007977292026232,3.0,0.42857142857142855,8.280713366655744
zg5uqa5l,400.0,3,0.12907506944444444,0.030665696766993756,766.8865515484242,1.8991452014520627,44.14062804892695,8.090858291678245,17.491845122519358,13.435456234077522,0.01820900706140003,0.13785891563198946,3.0,0.42857142857142855,10.111580412062796
zg5uqa5l,400.0,4,0.11954465277777779,0.028401457291307136,764.682445525182,1.8936868747033664,45.59352311217426,8.357170045475293,17.977356609373658,13.80837677431115,0.020812812809086288,0.15757211776772248,3.0,0.42857142857142855,3.421718157445506
zg5uqa5l,800.0,0,0.016192951388888887,0.0038471266309724225,1261.2749180725382,3.123466180927092,68.29776553646403,12.518796560422524,28.10371015100299,21.586411559457996,0.12399357623846352,0.93874530928172,13.0,1.8571428571428572,11.525054200882598
zg5uqa5l,800.0,1,0.024578437499999998,0.005839353134773378,1254.3544745265417,3.1063281477646094,67.62472087532385,12.395429285919318,27.08395386938021,20.803138508776243,0.09944522597690243,0.7528917404296864,10.0,1.4285714285714286,3.427463775278748
zg5uqa5l,800.0,2,0.051101979166666665,0.012140824746894461,1257.7630615624028,3.1147692942416425,68.03840836576899,12.471257089241956,27.07895565715188,20.799299390537318,0.16730171726710052,1.2666277325304551,15.0,2.142857142857143,21.793472479293108
zg5uqa5l,800.0,3,0.0611340625,0.014524250351585883,1253.9822595545663,3.105406381335783,69.03330195957011,12.653618406661838,27.61978650259747,21.21471063521319,0.14766087128904276,1.1179284805888292,15.0,2.142857142857143,17.688851233660525
zg5uqa5l,800.0,4,0.023470798611111107,0.005576199929121869,1252.5048664253095,3.101747712310461,67.16365431173469,12.310917026037199,26.85094499166414,20.624164789492884,0.2293398850867074,1.736313669526781,21.0,3.0,13.25320142793697
